{"company_size": {"class_counts": [["50-99", 217], ["100-500", 187], ["10000+", 170], ["10/49", 117], ["1000-4999", 103], ["<10", 97], ["5000-9999", 66], ["500-999", 53]], "avg_precision": 1.0, "avg_recall": 1.0, "avg_f1": 1.0, "avg_accuracy": 1.0, "weighted_precision": 1.0, "weighted_recall": 1.0, "weighted_f1": 1.0, "weighted_accuracy": 1.0, "class_precision": [1.0, 1.0, 1.0, 1.0, 1.0, 1.0, 1.0, 1.0], "class_recall": [1.0, 1.0, 1.0, 1.0, 1.0, 1.0, 1.0, 1.0], "class_f1": [1.0, 1.0, 1.0, 1.0, 1.0, 1.0, 1.0, 1.0], "class_accuracy": 1.0, "num_classes": 8, "num_applicable_rows": 1010, "confusion_matrix": [["50-99", [["50-99", 217]]], ["100-500", [["100-500", 187]]], ["10000+", [["10000+", 170]]], ["10/49", [["10/49", 117]]], ["1000-4999", [["1000-4999", 103]]], ["<10", [["<10", 97]]], ["5000-9999", [["5000-9999", 66]]], ["500-999", [["500-999", 53]]]], "precision_recall_curves": {"50-99": {"precision": [1.0, 1.0, 1.0, 1.0, 1.0, 1.0, 1.0, 1.0, 1.0, 1.0, 1.0, 1.0, 1.0, 1.0, 1.0, 1.0, 1.0, 1.0, 1.0, 1.0, 1.0, 1.0, 1.0, 1.0, 1.0, 1.0, 1.0, 1.0, 1.0, 1.0, 1.0, 1.0, 1.0, 1.0, 1.0, 1.0, 1.0, 1.0, 1.0, 1.0, 1.0, 1.0, 1.0, 1.0, 1.0, 1.0, 1.0, 1.0, 1.0, 1.0, 1.0, 1.0, 1.0, 1.0], "recall": [1.0, 0.9953917050691244, 0.9907834101382489, 0.9861751152073732, 0.9815668202764977, 0.9769585253456221, 0.9723502304147466, 0.9631336405529954, 0.9585253456221198, 0.9539170506912442, 0.9493087557603687, 0.9447004608294931, 0.9400921658986175, 0.9308755760368663, 0.9262672811059908, 0.9078341013824884, 0.9032258064516129, 0.8847926267281107, 0.8755760368663594, 0.8433179723502304, 0.815668202764977, 0.7880184331797235, 0.7741935483870968, 0.7649769585253456, 0.7327188940092166, 0.7050691244239631, 0.695852534562212, 0.6728110599078341, 0.6497695852534562, 0.6267281105990783, 0.5714285714285714, 0.5253456221198156, 0.4792626728110599, 0.4377880184331797, 0.39631336405529954, 0.3456221198156682, 0.31797235023041476, 0.2857142857142857, 0.22580645161290322, 0.2073732718894009, 0.20276497695852536, 0.15668202764976957, 0.11059907834101383, 0.09216589861751152, 0.08294930875576037, 0.07373271889400922, 0.06451612903225806, 0.055299539170506916, 0.05069124423963134, 0.03225806451612903, 0.027649769585253458, 0.013824884792626729, 0.009216589861751152, 0.0], "thresholds": [0.9999885559082031, 0.9999909400939941, 0.9999910593032837, 0.9999914169311523, 0.9999915361404419, 0.9999918937683105, 0.9999920129776001, 0.9999921321868896, 0.9999922513961792, 0.9999923706054688, 0.9999924898147583, 0.9999926090240479, 0.9999927282333374, 0.999993085861206, 0.9999933242797852, 0.9999934434890747, 0.9999935626983643, 0.9999936819076538, 0.9999938011169434, 0.9999939203262329, 0.9999940395355225, 0.999994158744812, 0.9999942779541016, 0.9999943971633911, 0.9999945163726807, 0.9999946355819702, 0.9999947547912598, 0.9999948740005493, 0.9999949932098389, 0.9999951124191284, 0.999995231628418, 0.9999953508377075, 0.9999954700469971, 0.9999955892562866, 0.9999957084655762, 0.9999958276748657, 0.9999959468841553, 0.9999960660934448, 0.9999961853027344, 0.9999963045120239, 0.9999964237213135, 0.999996542930603, 0.9999966621398926, 0.9999967813491821, 0.9999969005584717, 0.9999970197677612, 0.9999971389770508, 0.9999972581863403, 0.9999974966049194, 0.999997615814209, 0.9999977350234985, 0.9999979734420776, 0.9999984502792358]}, "100-500": {"precision": [1.0, 1.0, 1.0, 1.0, 1.0, 1.0, 1.0, 1.0, 1.0, 1.0, 1.0, 1.0, 1.0, 1.0, 1.0, 1.0, 1.0, 1.0, 1.0, 1.0, 1.0, 1.0, 1.0, 1.0, 1.0, 1.0, 1.0, 1.0, 1.0, 1.0, 1.0, 1.0, 1.0, 1.0, 1.0], "recall": [1.0, 0.9946524064171123, 0.9893048128342246, 0.983957219251337, 0.9732620320855615, 0.9679144385026738, 0.9625668449197861, 0.9572192513368984, 0.946524064171123, 0.9411764705882353, 0.9358288770053476, 0.93048128342246, 0.9251336898395722, 0.9090909090909091, 0.9037433155080213, 0.893048128342246, 0.8770053475935828, 0.8449197860962567, 0.7967914438502673, 0.7700534759358288, 0.7219251336898396, 0.6577540106951871, 0.5508021390374331, 0.46524064171123, 0.32085561497326204, 0.22994652406417113, 0.1711229946524064, 0.10695187165775401, 0.0962566844919786, 0.0748663101604278, 0.053475935828877004, 0.0427807486631016, 0.016042780748663103, 0.0106951871657754, 0.0], "thresholds": [0.9999877214431763, 0.9999924898147583, 0.999994158744812, 0.9999943971633911, 0.9999946355819702, 0.9999947547912598, 0.9999948740005493, 0.999995231628418, 0.9999954700469971, 0.9999955892562866, 0.9999957084655762, 0.9999961853027344, 0.9999963045120239, 0.9999966621398926, 0.9999967813491821, 0.9999970197677612, 0.9999971389770508, 0.9999972581863403, 0.9999973773956299, 0.9999974966049194, 0.999997615814209, 0.9999977350234985, 0.9999978542327881, 0.9999979734420776, 0.9999980926513672, 0.9999982118606567, 0.9999983310699463, 0.9999984502792358, 0.9999985694885254, 0.9999986886978149, 0.9999988079071045, 0.999998927116394, 0.9999990463256836, 0.9999992847442627]}, "10000+": {"precision": [1.0, 1.0, 1.0, 1.0, 1.0, 1.0, 1.0, 1.0, 1.0, 1.0, 1.0, 1.0, 1.0, 1.0, 1.0, 1.0, 1.0, 1.0, 1.0, 1.0, 1.0, 1.0, 1.0, 1.0, 1.0, 1.0, 1.0, 1.0, 1.0, 1.0, 1.0, 1.0, 1.0, 1.0, 1.0, 1.0, 1.0, 1.0], "recall": [1.0, 0.9941176470588236, 0.9882352941176471, 0.9823529411764705, 0.9764705882352941, 0.9647058823529412, 0.9588235294117647, 0.9529411764705882, 0.9470588235294117, 0.9411764705882353, 0.9352941176470588, 0.9294117647058824, 0.9176470588235294, 0.9, 0.888235294117647, 0.8764705882352941, 0.8588235294117647, 0.8411764705882353, 0.8294117647058824, 0.8235294117647058, 0.8058823529411765, 0.788235294117647, 0.7411764705882353, 0.6764705882352942, 0.5941176470588235, 0.5058823529411764, 0.45294117647058824, 0.36470588235294116, 0.35294117647058826, 0.28823529411764703, 0.2235294117647059, 0.17058823529411765, 0.12352941176470589, 0.047058823529411764, 0.03529411764705882, 0.023529411764705882, 0.011764705882352941, 0.0], "thresholds": [0.9999903440475464, 0.9999912977218628, 0.999992847442627, 0.9999933242797852, 0.9999943971633911, 0.9999945163726807, 0.9999947547912598, 0.9999948740005493, 0.9999949932098389, 0.9999954700469971, 0.9999955892562866, 0.9999957084655762, 0.9999958276748657, 0.9999959468841553, 0.9999960660934448, 0.9999961853027344, 0.9999964237213135, 0.999996542930603, 0.9999966621398926, 0.9999967813491821, 0.9999969005584717, 0.9999970197677612, 0.9999971389770508, 0.9999972581863403, 0.9999973773956299, 0.9999974966049194, 0.999997615814209, 0.9999977350234985, 0.9999978542327881, 0.9999979734420776, 0.9999980926513672, 0.9999982118606567, 0.9999983310699463, 0.9999984502792358, 0.9999985694885254, 0.9999986886978149, 0.9999988079071045]}, "10/49": {"precision": [1.0, 1.0, 1.0, 1.0, 1.0, 1.0, 1.0, 1.0, 1.0, 1.0, 1.0, 1.0, 1.0, 1.0, 1.0, 1.0, 1.0, 1.0, 1.0, 1.0, 1.0, 1.0, 1.0, 1.0, 1.0, 1.0, 1.0, 1.0, 1.0, 1.0, 1.0, 1.0, 1.0, 1.0, 1.0, 1.0, 1.0, 1.0, 1.0, 1.0, 1.0, 1.0, 1.0, 1.0, 1.0], "recall": [1.0, 0.9914529914529915, 0.9829059829059829, 0.9743589743589743, 0.9658119658119658, 0.9572649572649573, 0.9487179487179487, 0.9401709401709402, 0.9316239316239316, 0.9145299145299145, 0.905982905982906, 0.8974358974358975, 0.8888888888888888, 0.8717948717948718, 0.8632478632478633, 0.8461538461538461, 0.8290598290598291, 0.8034188034188035, 0.7863247863247863, 0.7521367521367521, 0.7094017094017094, 0.6752136752136753, 0.6666666666666666, 0.6324786324786325, 0.6239316239316239, 0.5982905982905983, 0.5470085470085471, 0.5128205128205128, 0.47863247863247865, 0.4358974358974359, 0.39316239316239315, 0.3162393162393162, 0.28205128205128205, 0.23931623931623933, 0.1794871794871795, 0.1623931623931624, 0.1452991452991453, 0.1111111111111111, 0.09401709401709402, 0.06837606837606838, 0.05128205128205128, 0.03418803418803419, 0.02564102564102564, 0.008547008547008548, 0.0],